<?xml version="1.0" encoding="UTF-8"?>

<EPAAWSPlugins xmlns:xsi="http://www.w3.org/2001/XMLSchema-instance" >
	<APM>
		<EMToken>5b45c305-53e8-4501-8fb2-f9898fd27911</EMToken>
		<EMHost>10.144.7.38</EMHost>
		<RestPort>8444</RestPort>
		<EMPort>5001</EMPort>
		<EMUser>Guest</EMUser>
		<EMPassword>Guest</EMPassword>
		<PeriodInSec>300</PeriodInSec>
	</APM>
	<Region name="us-east-1">
		<AccessKey>AKIAIKLOMFKYKCCDLYJA</AccessKey>
		<SecurityKey>wIiAA6EyvKPwn/WRdA+JVkHyB/F6OEDxkugESNl9</SecurityKey>
	</Region>
		
</EPAAWSPlugins>